Date,Product,Quantity,Price,Total_Sales
2023-04-13,Product C,12,45.99146861237406,551.8976233484887
2023-12-15,Product A,2,97.9052714796321,195.8105429592642
2023-09-28,Product D,13,84.08566140360942,1093.1135982469225
2023-04-17,Product A,8,57.02329364645065,456.1863491716052
2023-03-13,Product E,2,21.090038875494944,42.18007775098989
2023-07-08,Product A,1,87.34742139525302,87.34742139525302
2023-01-21,Product E,5,81.98029858816194,409.9014929408097
2023-04-13,Product E,9,26.612661658332968,239.5139549249967
2023-05-02,Product E,17,36.5750460298279,621.7757825070744
2023-08-03,Product D,9,81.40665323330536,732.6598790997483
2023-11-27,Product A,11,26.67056018926687,293.37616208193555
2023-03-29,Product A,15,92.59772402542396,1388.9658603813593
2023-04-10,Product D,6,48.20746826767257,289.2448096060354
2023-12-26,Product C,3,17.83350663288928,53.50051989866783
2023-06-01,Product B,17,83.41737791538527,1418.0954245615496
2023-05-11,Product A,5,43.61587147345489,218.07935736727444
2023-05-30,Product B,12,57.38492747384029,688.6191296860835
2023-11-05,Product D,18,20.107390997009723,361.93303794617503
2023-09-15,Product C,14,10.232561336048414,143.2558587046778
2023-12-10,Product C,11,67.4186685213968,741.6053537353648
2023-10-21,Product C,9,56.36576533003584,507.2918879703226
2023-07-11,Product D,2,63.418471221083244,126.83694244216649
2023-10-04,Product E,12,81.43694653424647,977.2433584109576
2023-06-10,Product E,3,68.19453220805741,204.58359662417223
2023-11-10,Product B,3,25.729609854463945,77.18882956339183
2023-01-22,Product E,1,42.46952671995398,42.46952671995398
2023-09-10,Product E,8,91.53019943089843,732.2415954471875
2023-08-24,Product C,8,79.29502302265111,634.3601841812089
2023-12-11,Product C,11,60.09733521430455,661.07068735735
2023-02-18,Product B,9,33.008049802834506,297.0724482255106
2023-02-28,Product A,5,37.185445165131554,185.92722582565779
2023-06-19,Product B,14,75.8762260827071,1062.2671651578994
2023-07-07,Product B,3,86.60568347674938,259.8170504302481
2023-09-28,Product D,5,70.4282202577553,352.1411012887765
2023-07-09,Product D,5,82.85769781915975,414.28848909579875
2023-06-24,Product B,19,78.99905216803654,1500.9819911926943
2023-02-20,Product B,14,23.473357116126195,328.62699962576676
2023-12-30,Product B,4,48.15503316219718,192.6201326487887
2023-02-24,Product E,13,23.76854207457064,308.99104696941833
2023-09-01,Product D,10,31.171202632178634,311.7120263217863
2023-11-16,Product B,18,88.23336621859472,1588.200591934705
2023-05-11,Product C,8,52.560276906986395,420.48221525589116
2023-11-03,Product C,8,58.18222916583948,465.45783332671584
2023-05-15,Product E,7,26.06013687049949,182.42095809349644
2023-01-21,Product E,8,38.104460744391645,304.83568595513316
2023-11-25,Product A,14,30.722155158508293,430.1101722191161
2023-06-16,Product A,19,28.55675480665838,542.5783413265092
2023-10-01,Product A,6,67.41647139843731,404.4988283906239
2023-03-30,Product E,1,33.119546288114336,33.119546288114336
2023-11-12,Product E,15,66.88139374183766,1003.2209061275648
2023-01-14,Product E,1,15.260915269769852,15.260915269769852
2023-08-30,Product C,17,22.75969541743917,386.91482209646585
2023-09-22,Product E,1,34.70862286001129,34.70862286001129
2023-12-12,Product C,15,63.73422252061225,956.0133378091838
2023-02-22,Product A,2,70.82571205786384,141.65142411572768
2023-12-06,Product A,14,49.84452701015744,697.8233781422042
2023-04-02,Product A,8,50.121182311950605,400.96945849560484
2023-09-21,Product B,8,75.20651662587562,601.652133007005
2023-02-04,Product B,19,11.423898258902419,217.05406691914595
2023-07-25,Product D,7,40.69810220267985,284.88671541875897
2023-03-22,Product D,19,83.68363514073094,1589.9890676738878
2023-02-19,Product D,6,64.28974691920351,385.73848151522105
2023-12-26,Product B,6,40.35044194798783,242.102651687927
2023-01-02,Product B,3,91.49723130967065,274.49169392901194
2023-02-23,Product D,7,79.53604547044444,556.7523182931111
2023-04-16,Product D,19,33.84059025130601,642.9712147748143
2023-09-17,Product E,8,68.07608537731451,544.6086830185161
2023-11-06,Product D,10,63.6175655370061,636.175655370061
2023-07-10,Product E,15,46.10691226350844,691.6036839526266
2023-08-06,Product C,15,43.02604712843206,645.3907069264809
2023-02-13,Product B,1,40.92044272981336,40.92044272981336
2023-06-11,Product D,7,65.54402050560822,458.8081435392575
2023-07-21,Product B,4,49.816894283260254,199.26757713304102
2023-09-27,Product B,6,84.86768019262799,509.20608115576795
2023-12-17,Product B,1,70.26423545205657,70.26423545205657
2023-10-31,Product C,5,16.293844513849074,81.46922256924537
2023-09-28,Product A,1,67.61514014453495,67.61514014453495
2023-08-03,Product D,4,34.403269285016634,137.61307714006654
2023-09-09,Product A,2,63.353079248808044,126.70615849761609
2023-07-09,Product A,10,71.21187379931062,712.1187379931063
2023-10-23,Product A,5,30.774627023861086,153.87313511930543
2023-08-01,Product B,10,51.11727803923318,511.1727803923318
2023-07-27,Product E,1,27.129237653716103,27.129237653716103
2023-08-25,Product B,6,14.710498820785748,88.2629929247145
2023-12-04,Product B,13,44.06287811372822,572.8174154784668
2023-02-22,Product A,15,42.66498446613928,639.9747669920893
2023-10-07,Product B,4,99.59324416338313,398.37297665353253
2023-08-05,Product A,13,50.17171160778779,652.2322509012413
2023-09-09,Product E,15,40.021259452498036,600.3188917874705
2023-07-07,Product D,8,62.24275060450071,497.9420048360057
2023-02-10,Product A,5,17.989065469699163,89.94532734849582
2023-06-06,Product E,15,96.54991623593318,1448.2487435389978
2023-01-15,Product D,4,67.14640410319299,268.58561641277197
2023-10-28,Product C,12,77.9354037946763,935.2248455361157
2023-03-06,Product A,13,25.343014435652577,329.4591876634835
2023-12-11,Product A,2,46.85300677046835,93.7060135409367
2023-11-23,Product C,19,48.04202020565706,912.7983839074841
2023-01-09,Product C,19,83.96257995109781,1595.2890190708583
2023-12-10,Product A,4,10.11130117834685,40.4452047133874
2023-05-09,Product C,4,37.076779751792955,148.30711900717182
2023-05-16,Product B,11,98.31127369098735,1081.4240106008608
2023-03-04,Product D,5,52.73978891555968,263.6989445777984
2023-05-19,Product D,11,44.42736522196074,488.7010174415682
2023-03-22,Product D,10,20.78461018158817,207.8461018158817
2023-06-12,Product B,8,97.6748165765214,781.3985326121712
2023-10-16,Product C,6,11.802372033324202,70.81423219994521
2023-09-18,Product E,6,76.34622025065188,458.0773215039113
2023-08-19,Product C,8,79.17398243096576,633.3918594477261
2023-02-10,Product A,15,31.929104445747996,478.9365666862199
2023-01-28,Product D,14,70.44025992517336,986.1636389524272
2023-05-15,Product C,11,18.363622994145093,201.999852935596
2023-07-20,Product E,12,33.13425397888719,397.61104774664625
2023-11-24,Product A,13,80.91117894630385,1051.84532630195
2023-09-25,Product B,8,87.82175728301863,702.574058264149
2023-02-02,Product B,18,64.76377713938122,1165.747988508862
2023-02-17,Product E,1,55.615458863843436,55.615458863843436
2023-03-03,Product A,15,24.337361855708227,365.0604278356234
2023-08-04,Product D,8,15.679812977123515,125.43850381698812
2023-10-20,Product C,11,20.588412562620277,226.47253818882305
2023-04-09,Product A,12,30.46215700864889,365.5458841037867
2023-06-21,Product B,12,40.750705170722874,489.00846204867446
2023-12-26,Product E,4,44.28185729598885,177.1274291839554
2023-08-02,Product E,16,41.16895917301032,658.7033467681651
2023-02-04,Product C,4,31.514979897753904,126.05991959101561
2023-08-15,Product E,5,55.875182207652834,279.3759110382642
2023-04-11,Product E,5,84.27574974096072,421.37874870480357
2023-05-11,Product A,8,35.17331846243313,281.38654769946504
2023-09-14,Product D,10,94.81483171920098,948.1483171920098
2023-01-05,Product C,17,88.60029955514631,1506.205092437487
2023-08-06,Product A,9,24.558779021689865,221.0290111952088
2023-09-12,Product D,19,80.76483610813851,1534.5318860546317
2023-12-25,Product A,14,61.712864408598996,863.980101720386
2023-10-10,Product A,8,60.99178259542767,487.9342607634214
2023-07-26,Product E,9,45.1938486752357,406.7446380771213
2023-01-15,Product D,11,55.10376992638088,606.1414691901897
2023-12-12,Product C,1,45.74608996862899,45.74608996862899
2023-02-11,Product C,14,58.57593568839486,820.063099637528
2023-06-28,Product D,5,66.51550474953723,332.57752374768614
2023-03-04,Product E,14,70.68734257681436,989.6227960754011
2023-12-18,Product B,4,57.92330733034836,231.69322932139343
2023-08-19,Product A,1,74.92798605958585,74.92798605958585
2023-08-29,Product E,19,22.715024434795524,431.58546426111496
2023-02-21,Product D,8,29.078424181201466,232.62739344961173
2023-04-06,Product A,15,83.68615036668432,1255.2922555002647
2023-08-10,Product C,15,39.02751800617737,585.4127700926605
2023-08-19,Product B,9,12.060444247850821,108.5439982306574
2023-08-25,Product C,9,23.8412034701228,214.5708312311052
2023-05-23,Product D,10,30.125299104668013,301.2529910466801
2023-06-20,Product A,9,96.15905991051285,865.4315391946157
2023-01-29,Product D,3,61.57372860377644,184.72118581132932
2023-02-05,Product A,11,93.94576664286294,1033.4034330714924
2023-01-13,Product E,6,61.764701544696244,370.5882092681775
2023-06-09,Product B,2,53.14189961240666,106.28379922481332
2023-11-23,Product E,7,38.235492207468646,267.6484454522805
2023-07-06,Product E,18,64.57338499900379,1162.3209299820683
2023-08-31,Product D,2,22.527822215577686,45.05564443115537
2023-03-27,Product B,17,90.84354645634353,1544.34028975784
2023-10-11,Product A,11,84.63991646271553,931.0390810898708
2023-03-07,Product A,12,38.57783030890633,462.93396370687594
2023-06-19,Product C,19,95.75177748411649,1819.2837721982132
2023-02-14,Product A,7,84.26806906740113,589.8764834718079
2023-03-03,Product D,6,69.96761972515358,419.8057183509215
2023-05-14,Product E,1,20.95857200127473,20.95857200127473
2023-10-11,Product E,17,53.041062074326504,901.6980552635506
2023-01-28,Product E,11,55.549679936207575,611.0464792982833
2023-04-18,Product B,18,30.929622252884208,556.7332005519157
2023-02-13,Product A,17,17.196885492337174,292.34705336973195
2023-12-06,Product D,7,79.90512674245234,559.3358871971664
2023-10-13,Product B,17,20.98315469119555,356.71362975032434
2023-11-27,Product C,9,63.48616755055973,571.3755079550375
2023-05-08,Product D,17,94.28042564952945,1602.7672360420006
2023-12-14,Product D,8,88.84946733382382,710.7957386705906
2023-08-19,Product D,17,34.997736137433506,594.9615143363696
2023-07-09,Product E,7,86.63037737961388,606.4126416572972
2023-08-13,Product D,1,10.029925550844046,10.029925550844046
2023-10-10,Product A,13,11.59190286519315,150.69473724751094
2023-05-01,Product D,19,64.22978474585784,1220.365910171299
2023-04-26,Product E,19,42.831839723007654,813.8049547371454
2023-08-21,Product D,17,44.78147570432324,761.2850869734951
2023-09-16,Product C,13,60.79969816109942,790.3960760942924
2023-12-25,Product C,16,27.260421003267453,436.16673605227925
2023-07-17,Product E,8,29.05798155989305,232.4638524791444
2023-05-17,Product A,19,53.61414283169782,1018.6687138022586
2023-11-14,Product A,18,77.88281899094767,1401.8907418370582
2023-06-14,Product B,1,65.75479762668289,65.75479762668289
2023-08-13,Product E,14,36.7619543413155,514.667360778417
2023-11-03,Product D,19,48.730345975802905,925.8765735402552
2023-08-22,Product E,15,25.359828269499857,380.39742404249785
2023-06-21,Product B,18,16.716683290337354,300.9002992260724
2023-06-01,Product E,2,80.44264366697342,160.88528733394685
2023-11-11,Product E,17,33.88486682693751,576.0427360579376
2023-06-09,Product B,18,25.99897490661234,467.9815483190221
2023-04-06,Product A,6,72.24562500123874,433.4737500074324
2023-08-21,Product D,19,65.62465068584675,1246.8683630310882
2023-06-29,Product B,4,66.98706634121177,267.9482653648471
2023-04-23,Product C,1,30.600514436195226,30.600514436195226
2023-11-14,Product A,8,30.93809847064129,247.50478776513032
2023-02-21,Product C,7,29.872236680707523,209.10565676495267
2023-09-25,Product A,3,25.637733609606506,76.91320082881953
2023-10-22,Product D,10,69.01513053054907,690.1513053054907
2023-04-23,Product D,10,86.32142967244613,863.2142967244613
2023-04-11,Product E,19,75.18857227089951,1428.5828731470908
2023-04-23,Product C,14,81.28842703844889,1138.0379785382845
2023-03-22,Product A,2,46.431858617667984,92.86371723533597
2023-07-06,Product D,1,68.86682158347983,68.86682158347983
2023-04-23,Product B,18,41.881261640029706,753.8627095205347
2023-01-02,Product D,7,57.2954159771776,401.0679118402432
2023-05-10,Product B,8,53.34713618813761,426.7770895051009
2023-08-08,Product A,1,25.919843062946896,25.919843062946896
2023-02-23,Product D,3,44.83708843020678,134.51126529062032
2023-12-09,Product D,8,96.74400479341159,773.9520383472927
2023-08-12,Product A,15,32.372223194344784,485.58334791517177
2023-08-13,Product D,5,22.042336265153985,110.21168132576992
2023-05-06,Product B,3,47.67225594615417,143.01676783846253
2023-05-10,Product D,19,81.13039622741333,1541.4775283208533
2023-02-22,Product C,1,62.393340680197504,62.393340680197504
2023-06-21,Product E,15,71.287734451442,1069.31601677163
2023-08-06,Product B,8,27.072536335720947,216.58029068576758
2023-06-09,Product C,2,65.70533737069493,131.41067474138987
2023-07-17,Product A,3,39.115035542032636,117.3451066260979
2023-09-04,Product B,14,85.08730293592907,1191.222241103007
2023-11-20,Product E,14,66.63689254096626,932.9164955735276
2023-07-22,Product E,11,27.89706499977663,306.867714997543
2023-07-03,Product A,16,15.815501185967753,253.04801897548404
2023-05-03,Product A,4,13.836988835832946,55.34795534333178
2023-09-12,Product B,5,43.426771088512666,217.13385544256334
2023-10-21,Product D,14,33.92660229888821,474.972432184435
2023-10-07,Product A,16,68.14811111162572,1090.3697777860116
2023-11-21,Product D,18,54.94004514807565,988.9208126653616
2023-04-08,Product C,7,33.941735020484266,237.59214514338987
2023-07-17,Product E,10,23.43140001551585,234.3140001551585
2023-08-28,Product D,7,21.447978641870463,150.13585049309324
2023-05-24,Product E,1,87.81943529263759,87.81943529263759
2023-04-07,Product D,19,31.913017156438052,606.347325972323
2023-07-20,Product C,16,68.65395831198714,1098.4633329917942
2023-05-04,Product A,19,82.96173351876396,1576.2729368565153
2023-07-06,Product C,4,65.26731800662625,261.069272026505
2023-11-22,Product A,18,87.36087084822512,1572.495675268052
2023-12-15,Product A,2,45.315434937562706,90.63086987512541
2023-09-16,Product E,1,96.05999715840535,96.05999715840535
2023-05-28,Product C,15,21.983050376028725,329.7457556404309
2023-09-09,Product D,5,19.19345766917843,95.96728834589214
2023-12-12,Product C,11,69.28229315866992,762.105224745369
2023-05-27,Product E,10,94.85480272719356,948.5480272719356
2023-05-28,Product A,2,82.79951154726953,165.59902309453906
2023-12-18,Product E,3,16.87751734942463,50.63255204827389
2023-07-18,Product B,12,35.14309425412448,421.71713104949373
2023-11-04,Product B,5,93.72869963540413,468.64349817702066
2023-05-08,Product D,5,32.77525895207061,163.87629476035303
2023-02-08,Product E,6,80.30533814082273,481.83202884493636
2023-12-04,Product D,9,84.26189763358335,758.3570787022501
2023-12-26,Product D,2,54.59068931148836,109.18137862297672
2023-05-09,Product B,12,44.77140188634839,537.2568226361807
2023-09-24,Product D,3,50.511198917778366,151.5335967533351
2023-05-31,Product B,12,30.426822492882774,365.1218699145933
2023-10-25,Product A,17,90.04518245159598,1530.7681016771317
2023-04-09,Product E,10,50.55576910567821,505.5576910567821
2023-09-20,Product D,14,89.42134964104898,1251.8988949746856
2023-09-09,Product B,17,19.51241319156467,331.7110242565994
2023-05-24,Product C,18,98.94477439001182,1781.0059390202127
2023-12-12,Product D,19,49.89457786992564,947.9969795285872
2023-04-22,Product A,17,14.304773835469492,243.18115520298136
2023-03-01,Product A,14,13.421966341370943,187.9075287791932
2023-01-02,Product C,9,77.15865317336548,694.4278785602893
2023-10-31,Product B,8,69.31319807833127,554.5055846266501
2023-09-11,Product D,2,82.19175023148287,164.38350046296574
2023-05-20,Product B,13,19.483078055752536,253.28001472478297
2023-02-06,Product A,7,13.20137803319935,92.40964623239546
2023-06-09,Product B,9,55.772136050282064,501.9492244525386
2023-01-09,Product A,11,44.883570833449255,493.7192791679418
2023-08-21,Product B,14,51.57522430038602,722.0531402054042
2023-04-09,Product C,4,99.24295679832466,396.9718271932986
2023-05-27,Product E,13,97.36749619036031,1265.777450474684
2023-10-31,Product C,2,94.80838507058735,189.6167701411747
2023-07-27,Product C,5,80.54584090909064,402.72920454545323
2023-05-11,Product E,11,41.93572242312014,461.29294665432155
2023-06-01,Product E,6,47.09178372364944,282.5507023418967
2023-02-23,Product D,18,59.4654439347032,1070.3779908246577
2023-04-30,Product D,10,84.74810107643559,847.4810107643559
2023-06-10,Product C,4,16.184154926644098,64.73661970657639
2023-04-26,Product C,9,48.18671972963993,433.6804775667594
2023-03-16,Product A,6,17.43558971133418,104.61353826800509
2023-04-23,Product A,2,56.31918279161604,112.63836558323209
2023-04-14,Product D,17,90.90107416056118,1545.31826072954
2023-12-06,Product D,5,80.4236432107544,402.118216053772
2023-09-11,Product A,6,30.505817578879896,183.03490547327937
2023-08-15,Product A,12,97.83917646389132,1174.070117566696
2023-04-22,Product B,10,70.06153582417855,700.6153582417855
2023-04-09,Product B,6,10.938492945766276,65.63095767459765
2023-06-02,Product A,8,32.98721362166975,263.897708973358
2023-12-15,Product B,2,33.46419699279249,66.92839398558498
2023-12-04,Product E,12,16.232887565727395,194.79465078872875
2023-07-13,Product D,13,96.38438662683362,1252.997026148837
2023-11-06,Product D,7,53.04297651183314,371.30083558283195
2023-06-12,Product A,10,90.62331376346938,906.2331376346938
2023-07-27,Product C,13,38.99939531001655,506.9921390302152
2023-06-18,Product A,17,21.27102133895444,361.6073627622255
2023-06-10,Product B,14,52.69024989155925,737.6634984818295
2023-03-09,Product C,2,20.256097124288544,40.51219424857709
2023-10-16,Product B,11,53.7413952679786,591.1553479477645
2023-10-04,Product E,1,92.8267463097467,92.8267463097467
2023-10-31,Product B,19,56.869132765079144,1080.5135225365038
2023-05-15,Product E,4,65.4849754205575,261.93990168223
2023-07-14,Product E,19,24.097459327642746,457.8517272252122
2023-05-08,Product B,11,13.936206329197255,153.2982696211698
2023-02-02,Product B,8,19.972716596182636,159.7817327694611
2023-06-25,Product E,11,63.86784181159291,702.546259927522
2023-01-22,Product C,4,18.55105290930742,74.20421163722968
2023-08-26,Product E,17,43.839360094718025,745.2691216102064
2023-06-07,Product D,7,59.50827464123404,416.55792248863827
2023-02-07,Product E,8,44.97875187668623,359.83001501348986
2023-08-18,Product C,3,24.731542131877134,74.1946263956314
2023-02-20,Product D,2,34.64121767626959,69.28243535253918
2023-09-21,Product A,15,93.54857795637193,1403.228669345579
2023-10-10,Product A,5,70.83840480277198,354.19202401385985
2023-01-27,Product C,1,54.64430548118979,54.64430548118979
2023-08-14,Product E,4,11.144340098820416,44.577360395281666
2023-10-04,Product B,15,99.31738604405231,1489.7607906607848
2023-10-13,Product C,19,70.4309441405179,1338.18793866984
2023-04-07,Product D,3,38.523022961045044,115.56906888313513
2023-10-11,Product D,11,89.13417939980543,980.4759733978598
2023-11-13,Product A,17,33.258845826263624,565.4003790464816
2023-10-31,Product D,13,58.961492126447645,766.4993976438194
2023-05-27,Product C,11,67.24636873568426,739.7100560925269
2023-01-04,Product D,2,29.89570343083556,59.79140686167112
2023-02-04,Product C,9,98.05575509205363,882.5017958284827
2023-07-11,Product B,2,77.33727153810977,154.67454307621955
2023-02-18,Product A,9,60.20319029599629,541.8287126639666
2023-01-17,Product D,9,26.253513835777078,236.2816245219937
2023-06-21,Product C,8,14.847238629822352,118.77790903857881
2023-08-08,Product E,17,38.80538492688851,659.6915437571047
2023-06-07,Product A,1,77.78686023220625,77.78686023220625
2023-02-15,Product B,11,34.239816847182254,376.63798531900477
2023-01-06,Product C,8,58.56005984459546,468.48047875676366
2023-04-09,Product B,10,75.51524590576689,755.1524590576689
2023-08-21,Product B,7,19.71493431818179,138.0045402272725
2023-02-06,Product D,3,71.6768214504286,215.03046435128581
2023-10-07,Product D,3,18.268379893904022,54.80513968171206
2023-12-15,Product C,18,96.86167679142969,1743.5101822457343
2023-10-29,Product E,5,53.955471705844566,269.77735852922285
2023-06-30,Product C,12,23.560849693888965,282.73019632666757
2023-04-05,Product E,12,40.814527243019185,489.7743269162302
2023-04-09,Product B,19,47.20748043657353,896.9421282948971
2023-07-07,Product A,6,78.23665099688836,469.41990598133015
2023-04-26,Product C,2,76.90814074689484,153.8162814937897
2023-07-10,Product C,12,65.07464548035979,780.8957457643176
2023-09-10,Product E,19,19.533764130264366,371.14151847502296
2023-06-10,Product B,5,23.641243442890623,118.20621721445312
2023-09-13,Product B,12,18.438122858100098,221.25747429720116
2023-11-19,Product E,17,61.94555049587951,1053.0743584299516
2023-05-08,Product B,17,88.94245973602635,1512.021815512448
2023-01-18,Product D,10,49.04204610292946,490.42046102929464
2023-10-08,Product A,17,24.476335656197158,416.09770615535166
2023-08-11,Product C,15,60.223809263407034,903.3571389511055
2023-02-23,Product A,12,83.05769951791389,996.6923942149667
2023-02-27,Product C,16,76.7540855361637,1228.0653685786192
2023-11-19,Product D,19,89.33057017075193,1697.2808332442867
2023-12-26,Product B,8,35.011188752398105,280.08951001918484
2023-06-23,Product E,17,27.455848054099736,466.74941691969553
2023-10-07,Product D,5,89.18348373477448,445.9174186738724
2023-04-24,Product A,16,69.18042815002207,1106.886850400353
2023-10-15,Product E,6,37.98360370067988,227.90162220407927
2023-12-08,Product B,8,76.81132455152583,614.4905964122066
2023-05-31,Product D,18,83.36065460323312,1500.491782858196
2023-05-07,Product E,12,65.34804163070191,784.176499568423
2023-06-04,Product D,15,71.90956988919237,1078.6435483378855
2023-09-30,Product D,9,43.773391399839966,393.9605225985597
2023-04-14,Product B,13,58.48261006087352,760.2739307913557
2023-10-26,Product C,15,57.174325365354605,857.614880480319
2023-09-03,Product E,10,86.32430120176947,863.2430120176947
2023-06-25,Product B,16,85.59675822539643,1369.5481316063428
2023-02-08,Product D,7,84.9412422412339,594.5886956886372
2023-06-19,Product B,17,10.992845283621921,186.87836982157268
2023-09-04,Product C,7,77.45909360219994,542.2136552153996
2023-01-26,Product E,14,78.28087510999043,1095.932251539866
2023-12-21,Product C,15,71.05409405696277,1065.8114108544414
2023-11-02,Product A,7,78.06381921023073,546.4467344716152
2023-01-13,Product E,9,85.77733343470379,771.9960009123341
2023-11-12,Product C,19,52.328714869160706,994.2455825140535
2023-11-09,Product D,16,55.18451921396024,882.9523074233639
2023-02-05,Product E,8,21.224265122025145,169.79412097620116
2023-06-22,Product E,18,44.683829474262566,804.3089305367262
2023-01-20,Product B,18,67.90286619206059,1222.2515914570906
2023-11-17,Product D,7,80.2359798532547,561.651858972783
2023-09-21,Product A,3,29.548818792208948,88.64645637662684
2023-05-22,Product C,18,22.404060924331187,403.2730966379614
2023-05-23,Product B,10,69.6737804050443,696.737804050443
2023-04-02,Product C,7,10.169189517241957,71.1843266206937
2023-12-20,Product A,17,26.053532587659685,442.91005399021464
2023-11-18,Product A,14,12.616424230955836,176.62993923338172
2023-10-15,Product E,3,25.019660606938384,75.05898182081515
2023-08-03,Product A,12,26.31873519329547,315.82482231954566
2023-12-08,Product C,13,44.89062352753548,583.5781058579613
2023-02-20,Product D,2,46.20944122179004,92.41888244358007
2023-06-02,Product D,3,88.6836223549214,266.0508670647642
2023-07-05,Product E,5,55.909874124894266,279.54937062447135
2023-03-04,Product C,11,75.10642890510576,826.1707179561633
2023-07-09,Product C,8,19.37236221282587,154.97889770260696
2023-05-05,Product A,12,30.289487991732447,363.4738559007894
2023-05-30,Product C,7,73.2649096880809,512.8543678165663
2023-11-10,Product B,15,14.752356442167528,221.28534663251293
2023-02-27,Product A,17,53.79378960193778,914.4944232329423
2023-12-08,Product B,4,63.94320690966405,255.7728276386562
2023-11-01,Product E,13,64.1931079647233,834.5104035414029
2023-06-29,Product D,18,12.063953014123783,217.1511542542281
2023-06-19,Product E,1,38.98972038062669,38.98972038062669
2023-11-22,Product D,16,67.28415859442387,1076.546537510782
2023-09-28,Product E,13,23.40997625343191,304.32969129461486
2023-02-23,Product C,10,72.5874083495248,725.874083495248
2023-04-11,Product B,12,77.13326879323071,925.5992255187685
2023-09-21,Product D,2,98.37722714015308,196.75445428030616
2023-02-22,Product A,3,28.885779537076846,86.65733861123054
2023-03-01,Product B,10,84.26176008995037,842.6176008995037
2023-04-18,Product A,2,56.82669192267886,113.65338384535772
2023-01-05,Product B,13,43.611633652975605,566.9512374886829
2023-04-13,Product B,13,21.013908159266016,273.18080607045823
2023-07-15,Product E,18,76.19550458387839,1371.519082509811
2023-09-19,Product D,3,31.22718392293184,93.68155176879552
2023-12-16,Product D,7,43.427980168574116,303.99586118001884
2023-02-16,Product B,14,15.62880042076316,218.80320589068424
2023-12-21,Product C,17,82.12302242375671,1396.091381203864
2023-11-07,Product C,12,78.99296715744791,947.9156058893749
2023-11-04,Product A,16,76.02542470380813,1216.40679526093
2023-05-24,Product A,12,36.949915944269804,443.39899133123765
2023-09-26,Product E,15,25.613206683936152,384.1981002590423
2023-05-04,Product B,10,67.37979380232068,673.7979380232068
2023-04-16,Product A,7,54.65497457018975,382.5848219913282
2023-06-07,Product A,5,26.04272202141774,130.2136101070887
2023-05-27,Product B,1,71.73201439448773,71.73201439448773
2023-05-25,Product E,17,99.20137886391733,1686.4234406865946
2023-04-30,Product A,3,77.2497628967834,231.74928869035017
2023-11-15,Product E,13,76.59877480170506,995.7840724221658
2023-10-02,Product D,14,95.52814776375325,1337.3940686925455
2023-04-02,Product E,18,28.264273081741198,508.7569154713416
2023-02-27,Product C,4,60.899496842929636,243.59798737171855
2023-12-12,Product C,18,98.1682043530495,1767.0276783548911
2023-08-17,Product E,5,24.87646998731571,124.38234993657855
2023-04-27,Product C,16,73.02267635000689,1168.3628216001102
2023-11-14,Product D,1,62.722913137471174,62.722913137471174
2023-10-06,Product B,14,62.78311829698363,878.9636561577709
2023-05-07,Product C,15,72.79035647680676,1091.8553471521016
2023-05-09,Product C,9,93.66552305881157,842.9897075293042
2023-02-27,Product E,15,80.43237458662041,1206.4856187993062
2023-05-02,Product D,17,15.0522493074589,255.88823822680132
2023-01-01,Product B,4,86.74552178881402,346.98208715525607
2023-08-27,Product E,12,30.298719693315935,363.58463631979123
2023-10-17,Product E,5,43.92227482627348,219.6113741313674
2023-04-06,Product D,5,51.55595322511439,257.779766125572
2023-05-06,Product B,11,53.28154006777627,586.096940745539
2023-04-28,Product D,6,49.16623593298211,294.99741559789265
2023-02-17,Product B,7,94.3617964794278,660.5325753559946
2023-03-30,Product D,14,73.54171068976221,1029.583949656671
2023-08-25,Product E,11,66.80535813610356,734.8589394971392
2023-09-29,Product E,13,14.48578250046474,188.31517250604162
2023-07-08,Product A,2,91.35219972343373,182.70439944686746
2023-07-11,Product C,7,91.84511728075566,642.9158209652896
2023-03-10,Product D,4,80.21917570870922,320.87670283483686
2023-10-05,Product A,8,10.632628343225724,85.06102674580579
2023-12-15,Product C,19,15.155222596986102,287.9492293427359
2023-09-04,Product D,13,30.27013320416408,393.51173165413303
2023-03-17,Product B,14,21.821446733041604,305.5002542625825
2023-06-03,Product C,10,45.89524267333565,458.9524267333565
2023-05-24,Product E,11,93.03607522790107,1023.3968275069117
2023-03-27,Product A,2,52.48543907772984,104.97087815545969
2023-07-04,Product C,9,11.206236378894905,100.85612741005414
2023-10-12,Product C,17,35.44711206208858,602.6009050555058
2023-08-08,Product E,3,14.013541753566539,42.04062526069961
2023-03-10,Product D,6,13.265886035215194,79.59531621129116
2023-02-16,Product B,5,34.814786778599704,174.07393389299853
2023-04-04,Product E,5,34.80511048110509,174.02555240552545
2023-08-26,Product B,15,80.84139423414436,1212.6209135121653
2023-07-23,Product D,17,97.73511875030007,1661.4970187551012
2023-08-06,Product C,9,43.40863845009984,390.6777460508986
2023-12-07,Product B,3,48.59981909749347,145.7994572924804
2023-02-08,Product A,17,86.03104926574193,1462.5278375176129
2023-04-10,Product A,10,34.132511808596206,341.32511808596206
2023-10-16,Product E,3,24.074362396310317,72.22308718893095
2023-09-11,Product D,18,86.77806610632854,1562.0051899139137
2023-08-10,Product E,18,14.185052779605893,255.3309500329061
2023-12-23,Product E,17,65.7729496179474,1118.140143505106
2023-01-23,Product E,3,60.57935627201261,181.73806881603784
2023-09-07,Product A,3,41.13284027515248,123.39852082545744
2023-01-10,Product A,6,38.36705689876231,230.20234139257383
2023-09-03,Product E,13,79.46719535634591,1033.073539632497
2023-11-21,Product A,15,17.778214968629182,266.67322452943773
2023-04-10,Product D,9,31.310587838024684,281.7952905422222
2023-10-17,Product E,4,75.92038586542807,303.6815434617123
2023-06-29,Product A,14,59.34885253537818,830.8839354952945
2023-08-11,Product B,5,21.518938768022775,107.59469384011388
2023-09-07,Product E,2,89.39220528538542,178.78441057077083
2023-05-27,Product E,11,45.41030619072324,499.51336809795566
2023-04-06,Product D,9,84.50815377899555,760.5733840109599
2023-09-14,Product C,3,80.89417139749378,242.68251419248134
2023-11-21,Product C,9,66.19829018245552,595.7846116420997
2023-01-04,Product D,3,54.50330181655837,163.5099054496751
2023-01-16,Product D,2,98.15957563435812,196.31915126871624
2023-10-07,Product D,12,23.04685651418353,276.5622781702024
2023-12-02,Product C,10,75.26401547960033,752.6401547960033
2023-09-04,Product D,9,27.20716313183101,244.8644681864791
2023-09-15,Product A,15,40.44367947991135,606.6551921986703
2023-06-09,Product E,8,37.782886903587574,302.2630952287006
2023-12-06,Product E,5,95.23323889648508,476.1661944824254
2023-06-01,Product B,11,97.06205600094476,1067.6826160103924
2023-06-27,Product B,2,26.471389981125444,52.94277996225089
2023-06-12,Product E,15,11.983164426775376,179.74746640163065
2023-02-02,Product A,6,74.80072356968017,448.80434141808104
2023-06-28,Product C,8,47.61909404834359,380.9527523867487
2023-04-11,Product C,5,17.995622057880794,89.97811028940397
2023-09-25,Product A,16,71.53786950193383,1144.6059120309412
2023-11-19,Product C,18,59.059497543462975,1063.0709557823336
2023-03-06,Product D,6,98.24651398009954,589.4790838805973
2023-06-17,Product E,5,30.466854627524103,152.33427313762053
2023-11-26,Product E,16,46.358008869389344,741.7281419102295
2023-02-12,Product A,13,58.829122305588065,764.7785899726448
2023-02-13,Product C,5,81.25299896080165,406.2649948040082
2023-10-12,Product B,13,59.39547910480528,772.1412283624687
2023-01-12,Product B,17,65.16101447757543,1107.7372461187824
2023-04-05,Product C,18,30.353234643094666,546.358223575704
2023-10-29,Product B,8,86.22268552797038,689.7814842237631
2023-09-10,Product A,13,48.576749227342816,631.4977399554566
2023-08-30,Product A,19,22.686366476959236,431.0409630622255
2023-02-04,Product C,3,69.77691230548757,209.3307369164627
2023-08-03,Product B,8,29.448140786677676,235.5851262934214
2023-12-03,Product A,2,18.780625921536977,37.561251843073954
2023-03-31,Product A,8,87.5788217563845,700.630574051076
2023-09-21,Product D,13,51.41460380395957,668.3898494514744
2023-04-03,Product D,13,77.43553414261987,1006.6619438540583
2023-03-31,Product A,1,36.15288038257196,36.15288038257196
2023-04-25,Product C,6,80.82731214258997,484.9638728555399
2023-04-15,Product E,19,20.074233431937728,381.4104352068168
2023-07-15,Product E,16,42.03760364153675,672.601658264588
2023-11-10,Product A,8,98.02556361761756,784.2045089409405
2023-04-24,Product A,1,81.45907447312055,81.45907447312055
2023-03-16,Product A,16,54.75303372832194,876.048539653151
2023-08-05,Product C,9,40.57997244056966,365.219751965127
2023-10-04,Product D,13,88.4922130020229,1150.3987690262977
2023-09-06,Product A,11,59.03629831760641,649.3992814936705
2023-06-13,Product A,13,78.25825160822,1017.3572709068599
2023-12-23,Product B,10,77.86969122845477,778.6969122845477
2023-07-11,Product C,4,11.615111071164264,46.46044428465706
2023-08-15,Product A,6,21.36284045133521,128.17704270801124
2023-06-26,Product B,7,69.3666429755268,485.5665008286876
2023-04-09,Product E,5,24.545783015728432,122.72891507864216
2023-02-05,Product A,11,32.99440101900442,362.93841120904864
2023-04-06,Product A,13,95.19741587796464,1237.5664064135403
2023-06-01,Product B,19,60.41640325374207,1147.9116618210992
2023-05-31,Product C,10,77.56565562994125,775.6565562994125
2023-07-09,Product A,10,60.218266490437586,602.1826649043759
2023-08-12,Product E,11,59.72622533044527,656.9884786348979
2023-02-06,Product A,7,18.473671911312813,129.3157033791897
2023-09-25,Product E,18,40.92968733481928,736.734372026747
2023-07-02,Product D,4,35.418780881786056,141.67512352714422
2023-01-13,Product D,2,45.16555290522519,90.33110581045038
2023-10-06,Product E,14,81.85097694018954,1145.9136771626536
2023-08-05,Product C,13,43.47394011251784,565.1612214627319
2023-12-21,Product A,12,50.652713730851445,607.8325647702173
2023-12-27,Product A,7,45.764325143678484,320.3502760057494
2023-10-13,Product D,2,18.406717477776603,36.813434955553205
2023-09-30,Product E,13,49.69649424257054,646.054425153417
2023-03-03,Product A,14,27.604834574006354,386.46768403608894
2023-03-25,Product A,17,26.80509661957373,455.68664253275347
2023-08-05,Product C,9,18.46324939908397,166.16924459175573
2023-12-08,Product B,17,42.10038767275883,715.7065904369001
2023-07-06,Product D,8,78.17336963104756,625.3869570483805
2023-01-19,Product D,2,34.879752152505645,69.75950430501129
2023-06-26,Product B,13,38.11141916969622,495.44844920605084
2023-04-10,Product A,3,67.84071919051812,203.52215757155435
2023-08-21,Product C,16,27.625673132822698,442.01077012516316
2023-03-17,Product C,6,90.72621373811809,544.3572824287086
2023-09-22,Product D,19,56.8171470926399,1079.525794760158
2023-10-11,Product C,7,50.28426462881953,351.9898524017367
2023-07-25,Product B,10,60.203817273628125,602.0381727362812
2023-08-11,Product A,9,24.943088207457592,224.48779386711834
2023-02-21,Product B,2,65.21258247752587,130.42516495505174
2023-12-05,Product E,15,42.67906629706094,640.1859944559142
2023-05-24,Product D,5,90.74677068681571,453.7338534340785
2023-03-10,Product C,4,25.196878600991752,100.78751440396701
2023-04-09,Product E,4,55.6345993478897,222.5383973915588
2023-01-25,Product C,18,63.83013664321162,1148.9424595778091
2023-02-22,Product A,4,13.00452416077431,52.01809664309724
2023-05-31,Product A,17,42.732381228052624,726.4504808768946
2023-05-24,Product A,12,75.93717112307495,911.2460534768993
2023-02-26,Product C,17,83.8339756704076,1425.1775863969292
2023-02-08,Product E,10,38.18457953355541,381.84579533555404
2023-04-19,Product A,1,81.87339451444761,81.87339451444761
2023-06-30,Product E,18,97.098028939305,1747.76452090749
2023-02-11,Product C,18,87.11865424675847,1568.1357764416525
2023-07-05,Product E,14,20.58795893433927,288.2314250807498
2023-08-11,Product C,15,76.57572988769866,1148.63594831548
2023-05-02,Product C,12,38.77001491964903,465.24017903578834
2023-05-13,Product D,4,98.9574390470869,395.8297561883476
2023-06-12,Product C,3,53.68230848438984,161.04692545316954
2023-08-03,Product C,12,21.019050852304694,252.22861022765633
2023-08-09,Product B,7,75.26669932246517,526.8668952572561
2023-08-23,Product A,11,39.071007854759245,429.78108640235166
2023-11-27,Product D,1,99.73703413734955,99.73703413734955
2023-05-26,Product D,6,98.18042120690697,589.0825272414418
2023-08-27,Product D,15,69.05206162185226,1035.7809243277839
2023-03-17,Product B,15,21.684380405654583,325.26570608481876
2023-01-09,Product C,19,71.81748979075262,1364.5323060242997
2023-03-15,Product A,11,18.37274378140245,202.10018159542693
2023-09-10,Product E,2,12.64277431921531,25.28554863843062
2023-08-18,Product C,14,84.06626015993375,1176.9276422390724
2023-01-07,Product B,2,28.877765291531322,57.755530583062644
2023-06-23,Product C,4,44.112441359718765,176.44976543887506
2023-05-21,Product C,17,97.61116509785559,1659.389806663545
2023-06-17,Product B,3,40.3156451674993,120.9469355024979
2023-06-19,Product D,13,36.68408031549838,476.8930441014789
2023-10-10,Product D,9,92.63871996604976,833.7484796944478
2023-05-02,Product A,7,19.96736007870623,139.7715205509436
2023-07-13,Product A,15,78.36241691031687,1175.436253654753
2023-01-05,Product D,11,98.92590099874965,1088.1849109862462
2023-01-29,Product E,2,91.11664096971839,182.23328193943678
2023-06-14,Product C,15,68.65011268357833,1029.751690253675
2023-12-05,Product E,14,38.265471549345875,535.7166016908423
2023-05-16,Product C,11,32.8889783060485,361.7787613665335
2023-11-17,Product D,3,83.73295943843151,251.1988783152945
2023-12-08,Product A,17,89.18397225565258,1516.1275283460939
2023-05-25,Product A,12,57.289142129112356,687.4697055493483
2023-11-23,Product E,15,31.990594670781952,479.8589200617293
2023-08-05,Product A,16,20.16488875700562,322.6382201120899
2023-10-28,Product D,5,17.846152104864807,89.23076052432404
2023-05-12,Product E,6,74.71697026184701,448.3018215710821
2023-10-19,Product C,19,47.81068550629525,908.4030246196097
2023-03-11,Product A,5,91.48238868500833,457.41194342504167
2023-09-09,Product B,3,76.57041706540873,229.71125119622621
2023-10-02,Product A,1,27.213437612312802,27.213437612312802
2023-12-30,Product C,6,65.23996769341292,391.43980616047753
2023-07-01,Product E,15,49.19549089583434,737.932363437515
2023-06-16,Product C,2,61.95247576917518,123.90495153835036
2023-04-01,Product B,3,76.42622110046655,229.27866330139966
2023-07-21,Product D,17,82.55762929034117,1403.4796979357998
2023-12-12,Product A,12,85.93635937660518,1031.2363125192621
2023-01-19,Product E,18,32.85773871148223,591.4392968066801
2023-02-08,Product D,15,12.800403992562192,192.00605988843287
2023-05-06,Product C,12,76.53652616482958,918.438313977955
2023-06-22,Product E,16,19.570935363019714,313.1349658083154
2023-05-21,Product D,8,38.34276297516709,306.7421038013367
2023-08-30,Product E,14,10.343542071191242,144.8095889966774
2023-08-08,Product B,17,71.3502534161458,1212.9543080744786
2023-05-06,Product B,8,25.04188103240991,200.3350482592793
2023-02-27,Product A,15,68.97541687224924,1034.6312530837386
2023-05-28,Product A,14,99.2568355451055,1389.595697631477
2023-11-13,Product B,18,16.540378444901464,297.7268120082264
2023-12-27,Product E,7,16.937021075631463,118.55914752942024
2023-01-01,Product B,3,40.63420834000074,121.90262502000222
2023-12-14,Product A,12,87.97478628262078,1055.6974353914493
2023-07-09,Product B,3,29.397688191219867,88.1930645736596
2023-07-10,Product B,14,42.43400379373128,594.0760531122379
2023-11-08,Product E,15,16.16548659642816,242.4822989464224
2023-04-27,Product D,14,78.68397621330004,1101.5756669862005
2023-05-14,Product A,7,46.7475708483506,327.23299593845417
2023-02-27,Product E,17,78.33238597547586,1331.6505615830897
2023-02-13,Product B,12,91.32470599121156,1095.8964718945388
2023-06-22,Product B,4,30.948683239115987,123.79473295646395
2023-06-09,Product D,9,82.66564273059562,743.9907845753606
2023-06-22,Product A,6,15.318450107042795,91.91070064225677
2023-11-13,Product A,16,90.89626493622227,1454.3402389795563
2023-10-30,Product C,2,68.56916928028727,137.13833856057454
2023-05-29,Product A,8,88.68040517245164,709.4432413796131
2023-03-21,Product D,11,10.016955960092371,110.18651556101608
2023-08-01,Product C,13,25.217296332039325,327.8248523165112
2023-07-22,Product C,17,45.078344868384285,766.3318627625329
2023-09-09,Product B,8,44.15526130372467,353.2420904297974
2023-08-17,Product B,18,30.40573446311596,547.3032203360873
2023-06-13,Product A,18,44.34507458804801,798.2113425848642
2023-08-15,Product C,14,21.596384080022936,302.3493771203211
2023-05-27,Product B,15,47.148501633942345,707.2275245091352
2023-01-20,Product D,6,82.21188962433378,493.2713377460027
2023-02-16,Product B,11,53.11630567930161,584.2793624723178
2023-08-21,Product B,13,11.620008005069348,151.06010406590153
2023-11-01,Product C,1,47.929963742132266,47.929963742132266
2023-01-14,Product C,6,12.445751448175974,74.67450868905584
2023-05-23,Product E,9,96.96190696361184,872.6571626725065
2023-01-01,Product D,8,21.470856348058206,171.76685078446565
2023-02-23,Product C,11,73.69194936975569,810.6114430673126
2023-09-16,Product A,19,97.54986906028772,1853.4475121454666
2023-05-24,Product D,9,84.34351464999146,759.0916318499231
2023-01-12,Product D,17,72.93838376135832,1239.9525239430916
2023-11-26,Product C,12,85.55148185506903,1026.6177822608283
2023-08-12,Product D,14,98.36188239345648,1377.0663535083909
2023-09-29,Product C,15,65.92100475281767,988.815071292265
2023-12-24,Product B,16,60.32663261463938,965.2261218342301
2023-06-05,Product E,1,66.54142994169533,66.54142994169533
2023-01-08,Product B,10,57.940829808539945,579.4082980853995
2023-05-02,Product C,8,67.15801953187469,537.2641562549975
2023-12-14,Product C,18,50.48579871753033,908.7443769155459
2023-06-13,Product B,1,29.65988645949764,29.65988645949764
2023-03-31,Product A,2,20.822250386050808,41.644500772101615
2023-05-16,Product A,1,16.150684197903438,16.150684197903438
2023-07-05,Product A,1,33.69842053778801,33.69842053778801
2023-11-12,Product C,9,14.151120790216044,127.3600871119444
2023-06-27,Product D,13,61.045370192744706,793.5898125056812
2023-01-28,Product C,1,35.54456023211682,35.54456023211682
2023-08-08,Product D,13,84.20813272783289,1094.7057254618276
2023-12-23,Product B,7,16.68167856895478,116.77174998268346
2023-02-10,Product E,2,30.371634490733733,60.743268981467466
2023-08-16,Product D,6,75.72215323811314,454.3329194286788
2023-07-11,Product A,7,63.89274667451423,447.2492267215996
2023-05-25,Product C,14,15.804214412425079,221.2590017739511
2023-07-20,Product B,18,88.95155114459804,1601.1279206027648
2023-07-31,Product A,15,88.95355865435616,1334.3033798153424
2023-08-08,Product B,2,39.736720348819645,79.47344069763929
2023-08-28,Product E,10,40.63652590146082,406.3652590146082
2023-02-15,Product C,12,99.01255225151564,1188.1506270181876
2023-02-04,Product C,17,66.35585544338244,1128.0495425375016
2023-09-10,Product E,8,57.81848685112532,462.54789480900257
2023-03-23,Product C,11,85.4336965196732,939.7706617164052
2023-09-13,Product D,3,35.676130452158475,107.02839135647542
2023-07-16,Product B,6,48.62643340567212,291.7586004340327
2023-10-30,Product A,9,34.09990079395008,306.8991071455507
2023-01-10,Product E,6,81.02447619298583,486.14685715791495
2023-11-08,Product D,9,61.60144110716962,554.4129699645266
2023-10-13,Product A,7,69.29425631260635,485.05979418824444
2023-08-30,Product A,9,32.70765248554659,294.3688723699193
2023-09-08,Product E,18,29.82027712395836,536.7649882312504
2023-01-05,Product D,12,53.95371660846448,647.4445993015738
2023-04-29,Product A,8,76.38091741835441,611.0473393468353
2023-10-16,Product A,8,57.271578176814415,458.1726254145153
2023-03-06,Product D,18,12.938110979110174,232.88599762398314
2023-05-26,Product C,15,88.169635568826,1322.54453353239
2023-08-12,Product A,7,15.821820416361842,110.75274291453289
2023-08-27,Product B,11,96.0242035348677,1056.2662388835447
2023-06-26,Product D,16,12.262776244954544,196.2044199192727
2023-09-24,Product A,4,72.50054105176379,290.00216420705516
2023-12-07,Product E,6,17.39863573406035,104.3918144043621
2023-10-09,Product B,3,91.96089214916256,275.8826764474877
2023-03-04,Product A,9,51.79899126029885,466.19092134268965
2023-08-05,Product B,10,22.377139733531386,223.77139733531385
2023-12-08,Product B,14,40.673412981086194,569.4277817352067
2023-11-11,Product C,11,24.834220781208586,273.1764285932944
2023-10-10,Product B,18,25.3523720401381,456.3426967224858
2023-06-26,Product C,12,95.3297488154298,1143.9569857851575
2023-04-08,Product D,12,50.07215010563093,600.8658012675712
2023-04-15,Product C,13,80.99220375148236,1052.8986487692707
2023-04-09,Product E,13,67.56450050599136,878.3385065778878
2023-11-07,Product A,19,70.8783726104553,1346.6890795986508
2023-01-06,Product D,19,21.852409462483465,415.1957797871858
2023-07-16,Product D,14,31.07660021339371,435.07240298751196
2023-12-17,Product E,4,80.80753016389933,323.2301206555973
2023-05-13,Product C,13,97.36895858273047,1265.796461575496
2023-12-24,Product A,8,33.640807833878654,269.12646267102923
2023-09-16,Product C,19,34.44118882759359,654.3825877242782
2023-01-23,Product B,12,52.56074195298144,630.7289034357773
2023-02-22,Product C,18,98.54562815698941,1773.8213068258094
2023-06-14,Product D,6,34.206305124382396,205.23783074629438
2023-07-21,Product A,18,46.62747186708375,839.2944936075074
2023-03-24,Product C,19,90.23320140611561,1714.4308267161966
2023-05-25,Product A,5,10.262892935922581,51.314464679612904
2023-03-26,Product A,9,13.57893684897126,122.21043164074135
2023-03-19,Product B,3,64.36645093640973,193.0993528092292
2023-01-01,Product B,10,91.66421482415623,916.6421482415624
2023-02-20,Product D,19,31.49709943617349,598.4448892872963
2023-06-22,Product E,3,52.26775972126381,156.80327916379142
2023-07-24,Product A,15,50.54187714920364,758.1281572380547
2023-09-17,Product E,1,52.56742114859591,52.56742114859591
2023-10-15,Product D,7,66.02677261567706,462.18740830973945
2023-02-03,Product A,12,52.27693866916154,627.3232640299384
2023-12-14,Product A,17,50.2721327190212,854.6262562233604
2023-04-05,Product E,5,52.685957838813444,263.4297891940672
2023-03-13,Product C,4,63.178069714393736,252.71227885757494
2023-02-08,Product B,12,58.33067395162225,699.968087419467
2023-06-03,Product C,18,86.87223978854539,1563.700316193817
2023-09-07,Product E,17,14.454716814429995,245.7301858453099
2023-06-11,Product B,19,84.99853643257113,1614.9721922188514
2023-04-28,Product C,9,85.95321513505516,773.5789362154965
2023-09-16,Product B,4,35.64172193778647,142.56688775114588
2023-11-02,Product A,2,51.65667595142656,103.31335190285311
2023-09-25,Product C,4,49.46846396836919,197.87385587347677
2023-02-23,Product B,2,29.665885091871726,59.33177018374345
2023-08-24,Product B,15,45.711716237768485,685.6757435665272
2023-08-10,Product B,2,13.994899495376899,27.989798990753798
2023-09-08,Product C,4,35.0039865503561,140.0159462014244
2023-11-09,Product D,6,83.50139579056463,501.0083747433878
2023-04-22,Product C,7,35.61060715866078,249.27425011062545
2023-09-12,Product E,10,83.63860018734228,836.3860018734227
2023-10-30,Product C,19,57.84395181439878,1099.0350844735767
2023-07-26,Product B,19,89.1876409625044,1694.5651782875836
2023-08-17,Product A,12,61.73015988379737,740.7619186055684
2023-12-07,Product C,3,12.670140075826584,38.010420227479756
2023-03-07,Product C,13,70.78781867923803,920.2416428300944
2023-03-16,Product B,18,14.036821122121179,252.66278019818122
2023-04-13,Product A,8,50.55373170848206,404.4298536678565
2023-07-11,Product A,15,93.64840250258025,1404.7260375387038
2023-09-09,Product E,1,24.868354540406514,24.868354540406514
2023-08-14,Product C,3,45.08851176473897,135.2655352942169
2023-10-21,Product A,8,75.68742779636305,605.4994223709044
2023-11-02,Product A,4,89.40327004853629,357.61308019414514
2023-04-08,Product D,16,70.38487042682571,1126.1579268292114
2023-12-04,Product D,10,33.23559287720523,332.35592877205227
2023-10-13,Product A,12,70.71470676245946,848.5764811495135
2023-12-01,Product E,14,36.7054876993681,513.8768277911533
2023-12-13,Product A,14,74.65863068368617,1045.2208295716064
2023-11-04,Product B,2,95.86298148265365,191.7259629653073
2023-09-06,Product C,5,74.92541059956595,374.62705299782976
2023-06-15,Product E,5,87.65924526211711,438.29622631058555
2023-12-01,Product B,6,10.189345885829507,61.13607531497704
2023-01-30,Product E,13,74.5814912258435,969.5593859359655
2023-09-04,Product B,9,84.66288011787253,761.9659210608528
2023-04-16,Product C,15,13.650286379021328,204.7542956853199
2023-02-20,Product C,14,88.44379545594076,1238.2131363831706
2023-03-22,Product D,7,33.10248054790412,231.71736383532885
2023-05-13,Product B,2,69.87628917802496,139.75257835604992
2023-10-12,Product D,7,82.0319391121066,574.2235737847462
2023-05-18,Product B,6,69.63980617534199,417.83883705205193
2023-07-03,Product D,17,18.30563128659315,311.19573187208357
2023-11-26,Product C,2,63.668936697433146,127.33787339486629
2023-09-30,Product E,3,59.462529104992925,178.38758731497876
2023-12-06,Product D,5,91.02891412668443,455.1445706334221
2023-03-10,Product B,5,46.38157566797883,231.90787833989415
2023-02-03,Product B,1,38.89729873783451,38.89729873783451
2023-09-19,Product C,8,77.48656879928197,619.8925503942557
2023-02-22,Product B,12,47.1407793475057,565.6893521700683
2023-07-24,Product A,4,68.14865575045567,272.5946230018227
2023-05-06,Product E,13,68.18050811121464,886.3466054457903
2023-08-23,Product D,15,89.9235157924106,1348.852736886159
2023-02-12,Product E,11,63.88231620871876,702.7054782959063
2023-08-28,Product C,10,55.19382489657882,551.9382489657881
2023-04-21,Product D,3,22.49841937568653,67.4952581270596
2023-09-06,Product D,14,20.416384601083482,285.82938441516876
2023-05-31,Product A,16,23.888940875477147,382.22305400763435
2023-07-02,Product C,10,25.466363319438507,254.66363319438506
2023-12-02,Product B,10,67.40893833972706,674.0893833972706
2023-04-05,Product A,12,76.68831252471206,920.2597502965448
2023-01-08,Product A,9,57.69923706337769,519.2931335703992
2023-12-26,Product E,1,84.6115959290942,84.6115959290942
2023-07-03,Product E,5,99.21369040602698,496.06845203013495
2023-10-08,Product E,8,83.80113662074204,670.4090929659363
2023-07-14,Product A,11,72.53941363083632,797.9335499391996
2023-12-18,Product B,12,57.92434294934319,695.0921153921183
2023-07-14,Product D,1,50.39677645072374,50.39677645072374
2023-06-04,Product E,11,17.595314249008812,193.54845673909693
2023-04-03,Product B,5,45.943187355522184,229.71593677761092
2023-06-09,Product C,15,91.91211731039208,1378.6817596558813
2023-03-02,Product E,5,82.72203669158976,413.61018345794884
2023-05-02,Product D,12,29.444622851051847,353.33547421262216
2023-02-20,Product C,5,51.99470062274943,259.97350311374714
2023-10-04,Product C,17,83.50508823026901,1419.586499914573
2023-01-05,Product D,17,16.064609930697028,273.0983688218495
2023-04-02,Product E,12,44.86533271017934,538.3839925221521
2023-06-19,Product A,15,86.66571131865528,1299.9856697798293
2023-11-13,Product D,15,46.35080777531114,695.262116629667
2023-01-22,Product D,6,16.985318025829677,101.91190815497806
2023-11-22,Product D,12,58.82809316790263,705.9371180148315
2023-01-01,Product C,18,87.55682454264658,1576.0228417676385
2023-05-13,Product B,14,63.12569886578437,883.7597841209812
2023-08-21,Product A,2,30.365119739280864,60.73023947856173
2023-01-12,Product E,9,44.58156581236432,401.23409231127886
2023-12-12,Product E,5,50.511102506373895,252.55551253186948
2023-02-15,Product B,1,62.13397184384741,62.13397184384741
2023-02-03,Product D,3,78.34159231773518,235.02477695320553
2023-03-19,Product A,6,18.898625587657186,113.39175352594312
2023-08-06,Product E,5,90.06868297158097,450.34341485790486
2023-10-28,Product E,5,11.107873271446802,55.539366357234016
2023-03-14,Product D,1,43.30471012068297,43.30471012068297
2023-10-09,Product B,17,12.467827897539188,211.9530742581662
2023-09-06,Product A,19,45.36768028107621,861.985925340448
2023-02-16,Product B,14,57.32313389859914,802.5238745803879
2023-05-01,Product B,12,56.051324792336054,672.6158975080326
2023-08-02,Product A,10,24.906551232543883,249.06551232543882
2023-08-27,Product A,18,68.11664590860511,1226.0996263548918
2023-02-25,Product E,11,14.03006054542014,154.33066599962154
2023-12-16,Product E,2,78.57161381191739,157.14322762383478
2023-04-17,Product A,18,95.19799905941916,1713.563983069545
2023-11-15,Product C,7,40.57919444360061,284.0543611052043
2023-02-17,Product E,15,56.551544354289874,848.2731653143481
2023-03-02,Product C,11,44.1019250252933,485.12117527822625
2023-12-03,Product A,18,10.603935127365396,190.87083229257712
2023-01-26,Product E,12,44.72870526056043,536.7444631267251
2023-10-19,Product B,6,81.25482333352119,487.5289400011271
2023-09-14,Product A,13,63.63899579651336,827.3069453546738
2023-01-08,Product D,16,19.113392315364305,305.8142770458289
2023-04-23,Product C,18,86.24255407244065,1552.3659733039317
2023-12-21,Product A,10,57.79768103967186,577.9768103967185
2023-09-10,Product A,8,85.75510255702085,686.0408204561668
2023-06-29,Product E,18,62.219936690652645,1119.9588604317476
2023-07-26,Product E,1,60.37196003541459,60.37196003541459
2023-10-30,Product E,8,19.473326667731115,155.78661334184892
2023-05-07,Product D,6,25.062375982476517,150.37425589485912
2023-02-25,Product E,5,97.4822730846932,487.411365423466
2023-08-02,Product A,15,30.56380720792937,458.45710811894054
2023-01-14,Product E,15,97.97069061913311,1469.5603592869966
2023-01-28,Product B,2,57.8721435871837,115.7442871743674
2023-03-19,Product E,1,22.221014235754343,22.221014235754343
2023-08-04,Product D,11,18.937198247832363,208.309180726156
2023-06-03,Product B,10,28.797766363516597,287.977663635166
2023-01-14,Product A,18,93.30735970228022,1679.532474641044
2023-07-06,Product A,18,47.27352018954041,850.9233634117275
2023-11-08,Product C,17,45.58908411936229,775.0144300291589
2023-01-07,Product B,8,38.188563496315666,305.50850797052533
2023-01-03,Product C,15,23.235566550992957,348.5334982648943
2023-04-21,Product B,8,53.90660774731658,431.2528619785326
2023-08-26,Product B,17,21.704300426002483,368.9731072420422
2023-12-29,Product D,12,85.19322127440948,1022.3186552929137
2023-08-27,Product C,8,43.335728764777585,346.6858301182207
2023-10-01,Product D,14,43.73232110036167,612.2524954050634
2023-10-21,Product B,4,52.66057856348403,210.64231425393612
2023-08-15,Product A,1,49.971494184917645,49.971494184917645
2023-01-15,Product B,1,99.53721757533894,99.53721757533894
2023-07-11,Product D,19,59.084300909647226,1122.6017172832974
2023-04-29,Product C,16,17.938153341088363,287.0104534574138
2023-01-28,Product C,14,64.6189607419237,904.6654503869318
2023-07-21,Product D,16,23.642586358289194,378.2813817326271
2023-02-08,Product C,5,12.784388025820778,63.92194012910389
2023-09-30,Product E,9,97.36679383095233,876.301144478571
2023-08-19,Product A,2,79.61850023811076,159.2370004762215
2023-03-27,Product A,18,98.20980931723902,1767.7765677103023
2023-05-06,Product A,6,53.00906032200182,318.0543619320109
2023-10-27,Product C,9,57.90317780340785,521.1286002306706
2023-01-25,Product C,1,25.150326032721722,25.150326032721722
2023-05-25,Product B,9,32.221668400082706,289.99501560074435
2023-01-13,Product B,16,85.46942934125454,1367.5108694600726
2023-07-31,Product A,13,42.056708240583475,546.7372071275852
2023-01-25,Product E,9,84.4133476416777,759.7201287750993
2023-03-09,Product B,13,73.81123518583286,959.5460574158271
2023-03-08,Product B,9,25.945383274467893,233.50844947021105
2023-08-21,Product C,11,55.670172950776795,612.3719024585447
2023-04-19,Product E,4,70.96485893668452,283.8594357467381
2023-05-26,Product A,2,31.15334933234426,62.30669866468852
2023-04-21,Product B,6,84.76196594680692,508.57179568084155
2023-08-16,Product E,14,59.03448917906681,826.4828485069354
2023-04-21,Product E,4,24.871784539834287,99.48713815933715
2023-02-03,Product A,6,62.46859835481422,374.8115901288853
2023-04-21,Product E,19,99.97424237403226,1899.510605106613
2023-09-21,Product E,6,23.54693424970722,141.28160549824332
2023-08-24,Product E,2,83.50812371075753,167.01624742151506
2023-03-24,Product B,18,28.657810286880217,515.8405851638439
2023-02-11,Product A,13,80.41494965140785,1045.3943454683022
2023-04-11,Product E,9,76.11201308092718,685.0081177283447
2023-01-06,Product E,19,37.04404470403891,703.8368493767393
2023-06-29,Product B,13,39.324080580800484,511.21304755040626
2023-10-09,Product A,11,81.32692527666272,894.5961780432899
2023-11-16,Product C,1,51.53009606985814,51.53009606985814
2023-08-14,Product B,7,75.77362258406279,530.4153580884396
2023-11-11,Product A,15,23.318573262925128,349.7785989438769
2023-08-17,Product E,1,86.73020037113982,86.73020037113982
2023-10-16,Product A,12,73.97962450140872,887.7554940169047
2023-05-30,Product A,7,91.62485279513506,641.3739695659453
2023-10-04,Product A,15,21.91351411314752,328.7027116972128
2023-07-17,Product C,19,63.37130503245379,1204.054795616622
2023-03-11,Product A,1,63.92085265362927,63.92085265362927
2023-04-22,Product C,17,41.811466649210416,710.794933036577
2023-01-04,Product E,17,51.2619782112332,871.4536295909644
2023-12-16,Product C,3,13.418340696086812,40.25502208826043
2023-11-27,Product E,12,77.12740347643108,925.528841717173
2023-11-14,Product E,6,59.43902314628566,356.634138877714
2023-12-16,Product C,11,15.19669466822564,167.16364135048204
2023-04-05,Product B,3,71.2680303664437,213.8040910993311
2023-06-01,Product D,8,52.01038695080691,416.0830956064553
2023-11-07,Product A,14,13.10151334825,183.4211868755
2023-05-17,Product D,14,97.26469541632858,1361.7057358286002
2023-09-04,Product A,10,95.42009287804964,954.2009287804965
2023-08-31,Product A,2,56.16121745324778,112.32243490649556
2023-01-31,Product E,14,18.430517863531918,258.02725008944685
2023-02-09,Product A,9,77.91590994387326,701.2431894948593
2023-08-17,Product A,3,54.27379900951561,162.82139702854684
2023-02-05,Product C,8,37.22027304604419,297.76218436835353
2023-08-11,Product D,16,54.22763597757011,867.6421756411218
2023-01-06,Product C,2,57.0199730864918,114.0399461729836
2023-11-18,Product A,6,60.64405291201053,363.8643174720632
2023-08-08,Product E,12,49.710134228979385,596.5216107477527
2023-03-16,Product C,5,64.51797728251509,322.5898864125754
2023-01-04,Product C,2,92.68612395457396,185.37224790914792
2023-12-01,Product B,16,42.604127838873204,681.6660454219713
2023-05-14,Product A,5,75.31448168979541,376.57240844897706
2023-04-28,Product E,15,90.5007301141809,1357.5109517127134
2023-04-04,Product C,12,51.03813481839432,612.4576178207318
2023-03-03,Product C,4,49.91102527437137,199.64410109748547
2023-07-13,Product E,15,64.19052868193016,962.8579302289525
2023-12-01,Product A,11,63.22660834802393,695.4926918282632
2023-07-22,Product B,16,82.59304080936494,1321.488652949839
2023-01-26,Product C,6,52.883504540046346,317.3010272402781
2023-06-22,Product B,14,99.6510654675497,1395.114916545696
2023-10-27,Product D,18,15.35244119805527,276.34394156499485
2023-05-13,Product A,12,10.285106372263156,123.42127646715787
2023-11-22,Product D,11,67.61784804036614,743.7963284440275
2023-04-28,Product D,13,36.859142112568904,479.16884746339576
2023-11-20,Product D,11,31.634414982953544,347.97856481248897
2023-10-02,Product A,16,38.07091720038524,609.1346752061638
2023-07-31,Product A,15,33.04428085944589,495.66421289168835
2023-08-13,Product E,15,12.771104469440306,191.5665670416046
2023-01-20,Product B,4,97.43797381515299,389.75189526061195
2023-04-23,Product B,11,29.867093960750356,328.5380335682539
2023-05-20,Product E,19,76.06267863303756,1445.1908940277137
2023-02-16,Product E,15,78.63367552247577,1179.5051328371364
2023-01-01,Product D,4,93.63316582065063,374.5326632826025
2023-03-31,Product E,13,12.749451138404197,165.74286479925456
2023-05-22,Product C,19,88.48435046023069,1681.2026587443831
2023-11-16,Product B,2,57.45035627558202,114.90071255116403
2023-02-07,Product E,14,66.92896989692451,937.0055785569432
2023-10-20,Product C,4,68.00232494089303,272.00929976357213
2023-05-19,Product C,16,83.78180244862548,1340.5088391780077
2023-12-22,Product C,14,40.00665899431995,560.0932259204793
2023-11-29,Product C,15,75.9746070873994,1139.6191063109911
2023-09-16,Product D,3,57.57202987499774,172.71608962499323
2023-06-10,Product C,8,81.4054612874813,651.2436902998504
2023-06-27,Product D,16,99.14914294931201,1586.3862871889921
2023-01-10,Product D,10,28.05859156633851,280.5859156633851
2023-09-18,Product C,4,99.51837774039981,398.07351096159925
2023-05-18,Product B,18,18.08309388544966,325.4956899380939
